addBuyer,1588733178956
addSeller,1588733178985
addLocation,1588733178986
addDate,1588733178988
addEvent,1588733179042
addBuyer,1591881610029
addSeller,1591881610046
addLocation,1591881610047
addDate,1591881610048
addEvent,1591881610085
addBuyer,1591881855277
addSeller,1591881855295
addLocation,1591881855296
addDate,1591881855297
addEvent,1591881855342
addBuyer,1591882547840
addSeller,1591882547860
addLocation,1591882547861
addDate,1591882547862
addEvent,1591882547907
addBuyer,1591882575603
addSeller,1591882575616
addLocation,1591882575617
addDate,1591882575618
addEvent,1591882575659
addBuyer,1591882914842
addSeller,1591882914856
addLocation,1591882914857
addDate,1591882914858
addEvent,1591882914889
addBuyer,1591885406546
addSeller,1591885406560
addLocation,1591885406560
addDate,1591885406561
addEvent,1591885406589
addBuyer,1591885461159
addSeller,1591885461174
addLocation,1591885461175
addDate,1591885461177
addEvent,1591885461207
addBuyer,1591885787347
addSeller,1591885787360
addLocation,1591885787361
addDate,1591885787362
addEvent,1591885787390
addBuyer,1591886170555
addBuyer,1591886209589
addBuyer,1591886694915
